alpha,panel,policy,threads,cache_MB,hashpower,ring_cap,runtime_s,MQPS,miss_ratio,peak_rss_MB,exit
0.6,small,lru,1,300,21,-,137.54,1.32,0.8112,2637,0
0.6,small,lru,2,600,22,-,209.86,1.73,0.8101,5248,0
0.6,small,lru,4,1200,23,-,282.35,2.51,0.8095,10275,0
0.6,small,lru,8,2400,24,-,496.47,2.85,0.8095,20490,0
0.6,small,lru,16,4800,25,-,628.15,2.66,0.7525,26937,0
0.6,small,lru,24,7200,25,-,697.76,2.13,0.6867,27674,0
0.6,small,twoq,1,300,21,-,138.98,1.31,0.8177,2639,0
0.6,small,twoq,2,600,22,-,208.76,1.73,0.8166,5225,0
0.6,small,twoq,4,1200,23,-,314.99,2.26,0.8163,10275,0
0.6,small,twoq,8,2400,24,-,512.51,2.45,0.8053,18499,0
0.6,small,twoq,16,4800,25,-,581.80,2.22,0.7274,22223,0
0.6,small,twoq,24,7200,25,-,686.69,1.81,0.7082,24150,0
0.6,small,tinylfu,1,300,21,-,163.23,1.06,0.7262,2658,0
0.6,small,tinylfu,2,600,22,-,290.82,1.19,0.7328,5281,0
0.6,small,tinylfu,4,1200,23,-,593.81,1.09,0.7364,9929,0
0.6,small,tinylfu,8,2400,24,-,1425.31,0.93,0.7384,20116,0
0.6,small,tinylfu,16,4800,25,-,3322.43,0.76,0.7383,38778,0
0.6,small,tinylfu,24,7200,25,-,5562.92,0.68,0.7305,58290,0
0.6,small,s3fifo,1,300,21,-,122.96,1.39,0.7037,2638,0
0.6,small,s3fifo,2,600,22,-,184.81,1.84,0.7028,5250,0
0.6,small,s3fifo,4,1200,23,-,212.16,3.07,0.7023,10073,0
0.6,small,s3fifo,8,2400,24,-,272.94,4.91,0.7021,20589,0
0.6,small,s3fifo,16,4800,25,-,527.18,5.09,0.7021,41236,0
0.6,small,s3fifo,24,7200,25,-,881.07,4.57,0.7021,61644,0
0.6,small,clock,1,300,21,-,127.27,1.43,0.8171,2640,0
0.6,small,clock,2,600,22,-,196.16,1.85,0.8164,5247,0
0.6,small,clock,4,1200,23,-,261.81,2.72,0.8160,10275,0
0.6,small,clock,8,2400,24,-,445.81,3.06,0.8158,19780,0
0.6,small,clock,16,4800,25,-,487.40,2.82,0.7516,23046,0
0.6,small,clock,24,7200,25,-,643.70,2.43,0.7286,28247,0
0.6,small,s2fifo_plus_lru,1,300,21,-,131.13,1.31,0.7228,2641,0
0.6,small,s2fifo_plus_lru,2,600,22,-,202.58,1.70,0.7219,5250,0
0.6,small,s2fifo_plus_lru,4,1200,23,-,273.38,2.42,0.7215,10119,0
0.6,small,s2fifo_plus_lru,8,2400,24,-,482.65,2.77,0.7213,20383,0
0.6,small,s2fifo_plus_lru,16,4800,25,-,567.06,2.21,0.6459,22581,0
0.6,small,s2fifo_plus_lru,24,7200,25,-,719.33,1.59,0.6523,23348,0
0.6,small,s2fifo_plus_lfu,1,300,21,-,116.95,1.46,0.7079,2640,0
0.6,small,s2fifo_plus_lfu,2,600,22,-,196.17,1.74,0.7071,5250,0
0.6,small,s2fifo_plus_lfu,4,1200,23,-,263.50,2.54,0.7067,10279,0
0.6,small,s2fifo_plus_lfu,8,2400,24,-,464.32,2.82,0.7064,20132,0
0.6,small,s2fifo_plus_lfu,16,4800,25,-,697.15,2.26,0.6631,26793,0
0.6,small,s2fifo_plus_lfu,24,7200,25,-,854.71,1.68,0.6927,26900,0
0.6,small,s2fifo_plus_mru,1,300,21,-,129.15,1.43,0.8525,2638,0
0.6,small,s2fifo_plus_mru,2,600,22,-,214.86,1.72,0.8524,5250,0
0.6,small,s2fifo_plus_mru,4,1200,23,-,284.40,2.54,0.8527,10233,0
0.6,small,s2fifo_plus_mru,8,2400,24,-,487.69,2.91,0.8531,20108,0
0.6,small,s2fifo_plus_mru,16,4800,25,-,663.19,2.43,0.8060,25557,0
0.6,small,s2fifo_plus_mru,24,7200,25,-,904.58,1.83,0.8051,28567,0
0.6,small,s2fifo_plus_random_uniform,1,300,21,-,129.48,1.36,0.7572,2642,0
0.6,small,s2fifo_plus_random_uniform,2,600,22,-,197.68,1.78,0.7564,5251,0
0.6,small,s2fifo_plus_random_uniform,4,1200,23,-,238.29,2.87,0.7559,10212,0
0.6,small,s2fifo_plus_random_uniform,8,2400,24,-,409.78,3.37,0.7558,20570,0
0.6,small,s2fifo_plus_random_uniform,16,4800,25,-,559.59,2.97,0.7040,27442,0
0.6,small,s2fifo_plus_random_uniform,24,7200,25,-,608.27,2.62,0.6574,29564,0
0.6,small,s2fifo_plus_thresh_fifo,1,300,21,-,134.83,1.30,0.7572,2641,0
0.6,small,s2fifo_plus_thresh_fifo,2,600,22,-,199.10,1.76,0.7564,5250,0
0.6,small,s2fifo_plus_thresh_fifo,4,1200,23,-,253.80,2.68,0.7560,10164,0
0.6,small,s2fifo_plus_thresh_fifo,8,2400,24,-,432.53,3.07,0.7558,19880,0
0.6,small,s2fifo_plus_thresh_fifo,16,4800,25,-,667.43,2.46,0.7161,26975,0
0.6,small,s2fifo_plus_thresh_fifo,24,7200,25,-,1866.13,1.32,0.7476,39692,0
0.6,small,s3fifo_clock1arr,1,300,21,131072,114.54,1.47,0.6854,2686,0
0.6,small,s3fifo_clock1arr,2,600,22,262144,174.22,1.92,0.6847,5321,0
0.6,small,s3fifo_clock1arr,4,1200,23,524288,205.53,3.16,0.6843,10307,0
0.6,small,s3fifo_clock1arr,8,2400,24,1048576,253.87,5.12,0.6842,20622,0
0.6,small,s3fifo_clock1arr,16,4800,25,2097152,498.13,5.31,0.6841,41828,0
0.6,small,s3fifo_clock1arr,24,7200,25,4194304,842.28,4.77,0.6846,63628,0
0.6,small,s2fifo_plus_gclockex,1,300,21,131072,109.30,1.54,0.6880,2686,0
0.6,small,s2fifo_plus_gclockex,2,600,22,262144,175.95,1.92,0.6868,5344,0
0.6,small,s2fifo_plus_gclockex,4,1200,23,524288,201.48,3.21,0.6864,10261,0
0.6,small,s2fifo_plus_gclockex,8,2400,24,1048576,264.94,5.03,0.6860,21057,0
0.6,small,s2fifo_plus_gclockex,16,4800,25,2097152,499.79,5.31,0.6858,41897,0
0.6,small,s2fifo_plus_gclockex,24,7200,25,4194304,862.81,4.70,0.6958,63788,0
0.6,small,s2fifo_plus_clock_credit,1,300,21,131072,123.57,1.36,0.6830,2687,0
0.6,small,s2fifo_plus_clock_credit,2,600,22,262144,186.19,1.80,0.6822,5321,0
0.6,small,s2fifo_plus_clock_credit,4,1200,23,524288,228.91,2.81,0.6818,10261,0
0.6,small,s2fifo_plus_clock_credit,8,2400,24,1048576,327.25,4.04,0.6815,20942,0
0.6,small,s2fifo_plus_clock_credit,16,4800,25,2097152,638.37,4.17,0.6814,42079,0
0.6,small,s2fifo_plus_clock_credit,24,7200,25,4194304,1173.25,3.42,0.6812,63653,0
0.6,small,s3fifo_clocknarr,1,300,21,131072,114.93,1.47,0.6902,2686,0
0.6,small,s3fifo_clocknarr,2,600,22,262144,175.39,1.92,0.6892,5321,0
0.6,small,s3fifo_clocknarr,4,1200,23,524288,206.98,3.13,0.6889,10284,0
0.6,small,s3fifo_clocknarr,8,2400,24,1048576,265.88,5.00,0.6886,20988,0
0.6,small,s3fifo_clocknarr,16,4800,25,2097152,494.27,5.38,0.6885,41943,0
0.6,small,s3fifo_clocknarr,24,7200,25,4194304,851.04,4.73,0.6900,63605,0
0.6,large,lru,1,3000,21,-,66.07,1.84,0.2158,5340,0
0.6,large,lru,2,6000,22,-,96.83,2.51,0.2155,10648,0
0.6,large,lru,4,12000,23,-,122.76,3.75,0.2152,20777,0
0.6,large,lru,8,24000,24,-,211.57,4.44,0.2152,41861,0
0.6,large,lru,16,48000,25,-,204.95,6.82,0.1178,76913,0
0.6,large,lru,24,72000,25,-,146.31,11.08,0.0636,107193,0
0.6,large,twoq,1,3000,21,-,62.23,1.95,0.2134,5337,0
0.6,large,twoq,2,6000,22,-,88.31,2.75,0.2130,10648,0
0.6,large,twoq,4,12000,23,-,102.54,4.43,0.2127,20686,0
0.6,large,twoq,8,24000,24,-,153.85,6.10,0.2128,41884,0
0.6,large,twoq,16,48000,25,-,165.27,7.91,0.1543,74212,0
0.6,large,twoq,24,72000,25,-,142.12,10.57,0.0998,103576,0
0.6,large,tinylfu,1,3000,21,-,83.49,1.43,0.1964,5467,0
0.6,large,tinylfu,2,6000,22,-,117.93,2.03,0.1976,10905,0
0.6,large,tinylfu,4,12000,23,-,176.80,2.37,0.1952,20650,0
0.6,large,tinylfu,8,24000,24,-,404.96,2.05,0.1971,41079,0
0.6,large,tinylfu,16,48000,25,-,632.40,1.72,0.1838,71433,0
0.6,large,tinylfu,24,72000,25,-,727.74,1.50,0.1815,97514,0
0.6,large,s3fifo,1,3000,21,-,64.58,1.81,0.1692,5349,0
0.6,large,s3fifo,2,6000,22,-,87.52,2.64,0.1689,10621,0
0.6,large,s3fifo,4,12000,23,-,77.97,4.20,0.1572,18618,0
0.6,large,s3fifo,8,24000,24,-,84.70,5.68,0.1543,33789,0
0.6,large,s3fifo,16,48000,25,-,109.02,6.29,0.1420,62187,0
0.6,large,s3fifo,24,72000,25,-,172.91,5.85,0.1403,92842,0
0.6,large,clock,1,3000,21,-,62.00,1.96,0.2134,5341,0
0.6,large,clock,2,6000,22,-,87.68,2.77,0.2129,10648,0
0.6,large,clock,4,12000,23,-,101.03,4.51,0.2128,20709,0
0.6,large,clock,8,24000,24,-,143.46,6.57,0.2128,41953,0
0.6,large,clock,16,48000,25,-,227.79,7.17,0.2121,79155,0
0.6,large,clock,24,72000,25,-,193.03,9.22,0.1347,108199,0
0.6,large,s2fifo_plus_lru,1,3000,21,-,80.92,1.46,0.1804,5350,0
0.6,large,s2fifo_plus_lru,2,6000,22,-,139.08,1.70,0.1801,10667,0
0.6,large,s2fifo_plus_lru,4,12000,23,-,229.76,2.00,0.1799,21045,0
0.6,large,s2fifo_plus_lru,8,24000,24,-,302.79,1.94,0.0734,36787,0
0.6,large,s2fifo_plus_lru,16,48000,25,-,322.42,2.27,0.0253,64817,0
0.6,large,s2fifo_plus_lru,24,72000,25,-,272.95,2.33,0.0427,86473,0
0.6,large,s2fifo_plus_lfu,1,3000,21,-,71.40,1.64,0.1709,5350,0
0.6,large,s2fifo_plus_lfu,2,6000,22,-,127.66,1.83,0.1706,10667,0
0.6,large,s2fifo_plus_lfu,4,12000,23,-,202.71,2.23,0.1705,20976,0
0.6,large,s2fifo_plus_lfu,8,24000,24,-,393.60,2.26,0.1705,41640,0
0.6,large,s2fifo_plus_lfu,16,48000,25,-,321.61,2.06,0.0302,63193,0
0.6,large,s2fifo_plus_lfu,24,72000,25,-,277.54,2.82,0.0335,89840,0
0.6,large,s2fifo_plus_mru,1,3000,21,-,85.86,1.48,0.2718,5347,0
0.6,large,s2fifo_plus_mru,2,6000,22,-,138.57,1.83,0.2663,10667,0
0.6,large,s2fifo_plus_mru,4,12000,23,-,214.08,2.31,0.2638,21113,0
0.6,large,s2fifo_plus_mru,8,24000,24,-,385.95,2.47,0.2642,41502,0
0.6,large,s2fifo_plus_mru,16,48000,25,-,320.92,2.27,0.0263,64680,0
0.6,large,s2fifo_plus_mru,24,72000,25,-,292.97,2.86,0.0293,91186,0
0.6,large,s2fifo_plus_random_uniform,1,3000,21,-,68.33,1.77,0.2060,5355,0
0.6,large,s2fifo_plus_random_uniform,2,6000,22,-,88.01,2.73,0.2058,10653,0
0.6,large,s2fifo_plus_random_uniform,4,12000,23,-,107.32,4.25,0.2053,20812,0
0.6,large,s2fifo_plus_random_uniform,8,24000,24,-,165.53,5.63,0.2054,41976,0
0.6,large,s2fifo_plus_random_uniform,16,48000,25,-,194.66,7.22,0.1471,76592,0
0.6,large,s2fifo_plus_random_uniform,24,72000,25,-,170.01,9.41,0.0959,106071,0
0.6,large,s2fifo_plus_thresh_fifo,1,3000,21,-,73.17,1.65,0.2067,5349,0
0.6,large,s2fifo_plus_thresh_fifo,2,6000,22,-,97.39,2.48,0.2062,10667,0
0.6,large,s2fifo_plus_thresh_fifo,4,12000,23,-,123.05,3.69,0.2060,20769,0
0.6,large,s2fifo_plus_thresh_fifo,8,24000,24,-,220.06,4.34,0.2060,42372,0
0.6,large,s2fifo_plus_thresh_fifo,16,48000,25,-,368.31,3.34,0.1925,72052,0
0.6,large,s2fifo_plus_thresh_fifo,24,72000,25,-,123.54,5.22,0.1152,85768,0
0.6,large,s3fifo_clock1arr,1,3000,21,1048576,60.18,1.94,0.1648,5724,0
0.6,large,s3fifo_clock1arr,2,6000,22,2097152,74.54,3.11,0.1646,11396,0
0.6,large,s3fifo_clock1arr,4,12000,23,4194304,74.74,5.18,0.1618,21267,0
0.6,large,s3fifo_clock1arr,8,24000,24,8388608,92.11,8.93,0.1639,43435,0
0.6,large,s3fifo_clock1arr,16,48000,25,16777216,122.63,12.89,0.1642,85553,0
0.6,large,s3fifo_clock1arr,24,72000,25,33554432,185.56,14.20,0.1692,136162,0
0.6,large,s2fifo_plus_gclockex,1,3000,21,1048576,62.31,1.88,0.1688,5724,0
0.6,large,s2fifo_plus_gclockex,2,6000,22,2097152,78.41,2.98,0.1686,11419,0
0.6,large,s2fifo_plus_gclockex,4,12000,23,4194304,82.62,5.00,0.1674,21747,0
0.6,large,s2fifo_plus_gclockex,8,24000,24,8388608,97.35,8.50,0.1680,43457,0
0.6,large,s2fifo_plus_gclockex,16,48000,25,16777216,134.26,12.44,0.1684,87178,0
0.6,large,s2fifo_plus_gclockex,24,72000,25,33554432,197.35,13.42,0.1703,136370,0
0.6,large,s2fifo_plus_clock_credit,1,3000,21,1048576,76.19,1.52,0.1610,5726,0
0.6,large,s2fifo_plus_clock_credit,2,6000,22,2097152,107.54,2.16,0.1607,11419,0
0.6,large,s2fifo_plus_clock_credit,4,12000,23,4194304,119.74,3.15,0.1576,21107,0
0.6,large,s2fifo_plus_clock_credit,8,24000,24,8388608,189.48,4.13,0.1600,42702,0
0.6,large,s2fifo_plus_clock_credit,16,48000,25,16777216,301.12,4.64,0.1600,82029,0
0.6,large,s2fifo_plus_clock_credit,24,72000,25,33554432,697.92,3.55,0.1605,133441,0
0.6,large,s3fifo_clocknarr,1,3000,21,1048576,60.06,1.94,0.1668,5723,0
0.6,large,s3fifo_clocknarr,2,6000,22,2097152,76.09,3.07,0.1665,11419,0
0.6,large,s3fifo_clocknarr,4,12000,23,4194304,78.81,5.02,0.1642,21427,0
0.6,large,s3fifo_clocknarr,8,24000,24,8388608,99.76,8.73,0.1659,44350,0
0.6,large,s3fifo_clocknarr,16,48000,25,16777216,128.31,12.83,0.1664,86766,0
0.6,large,s3fifo_clocknarr,24,72000,25,33554432,179.94,14.37,0.1670,135293,0
0.8,small,lru,1,300,21,-,106.39,1.50,0.5959,2640,0
0.8,small,lru,2,600,22,-,157.17,2.03,0.5946,5248,0
0.8,small,lru,4,1200,23,-,214.93,2.87,0.5943,10160,0
0.8,small,lru,8,2400,24,-,381.31,3.27,0.5941,20490,0
0.8,small,lru,16,4800,25,-,485.65,3.17,0.5393,28012,0
0.8,small,lru,24,7200,25,-,484.07,2.61,0.4852,26966,0
0.8,small,twoq,1,300,21,-,104.58,1.53,0.6050,2638,0
0.8,small,twoq,2,600,22,-,158.68,2.02,0.6039,5248,0
0.8,small,twoq,4,1200,23,-,237.15,2.65,0.6033,10275,0
0.8,small,twoq,8,2400,24,-,370.10,2.93,0.5928,18155,0
0.8,small,twoq,16,4800,25,-,441.84,2.81,0.5303,23664,0
0.8,small,twoq,24,7200,25,-,477.15,2.30,0.5027,24218,0
0.8,small,tinylfu,1,300,21,-,117.64,1.27,0.4936,2659,0
0.8,small,tinylfu,2,600,22,-,205.68,1.46,0.5014,5281,0
0.8,small,tinylfu,4,1200,23,-,408.84,1.38,0.5071,9929,0
0.8,small,tinylfu,8,2400,24,-,1010.87,1.16,0.5091,20460,0
0.8,small,tinylfu,16,4800,25,-,2302.33,0.94,0.5095,38183,0
0.8,small,tinylfu,24,7200,25,-,3557.64,0.85,0.5020,54238,0
0.8,small,s3fifo,1,300,21,-,91.63,1.61,0.4748,2642,0
0.8,small,s3fifo,2,600,22,-,133.96,2.20,0.4740,5250,0
0.8,small,s3fifo,4,1200,23,-,148.34,3.78,0.4736,10027,0
0.8,small,s3fifo,8,2400,24,-,196.94,5.91,0.4735,20658,0
0.8,small,s3fifo,16,4800,25,-,373.79,6.24,0.4733,41350,0
0.8,small,s3fifo,24,7200,25,-,613.78,5.68,0.4733,61712,0
0.8,small,clock,1,300,21,-,99.37,1.61,0.6036,2639,0
0.8,small,clock,2,600,22,-,151.61,2.11,0.6031,5248,0
0.8,small,clock,4,1200,23,-,197.96,3.13,0.6032,10161,0
0.8,small,clock,8,2400,24,-,339.07,3.64,0.6028,20169,0
0.8,small,clock,16,4800,25,-,439.26,3.45,0.5557,27395,0
0.8,small,clock,24,7200,25,-,498.55,2.94,0.5277,29505,0
0.8,small,s2fifo_plus_lru,1,300,21,-,103.71,1.44,0.4908,2638,0
0.8,small,s2fifo_plus_lru,2,600,22,-,165.32,1.80,0.4901,5250,0
0.8,small,s2fifo_plus_lru,4,1200,23,-,248.07,2.32,0.4896,10164,0
0.8,small,s2fifo_plus_lru,8,2400,24,-,449.94,2.61,0.4895,20588,0
0.8,small,s2fifo_plus_lru,16,4800,25,-,513.97,2.12,0.4180,22742,0
0.8,small,s2fifo_plus_lru,24,7200,25,-,561.96,1.41,0.4412,20077,0
0.8,small,s2fifo_plus_lfu,1,300,21,-,94.79,1.56,0.4757,2640,0
0.8,small,s2fifo_plus_lfu,2,600,22,-,161.55,1.82,0.4749,5228,0
0.8,small,s2fifo_plus_lfu,4,1200,23,-,237.19,2.41,0.4745,10165,0
0.8,small,s2fifo_plus_lfu,8,2400,24,-,442.40,2.57,0.4743,20224,0
0.8,small,s2fifo_plus_lfu,16,4800,25,-,575.31,2.05,0.4194,24093,0
0.8,small,s2fifo_plus_lfu,24,7200,25,-,3333.48,1.00,0.4741,59198,0
0.8,small,s2fifo_plus_mru,1,300,21,-,111.08,1.52,0.6894,2639,0
0.8,small,s2fifo_plus_mru,2,600,22,-,182.55,1.85,0.6884,5250,0
0.8,small,s2fifo_plus_mru,4,1200,23,-,250.83,2.62,0.6878,10210,0
0.8,small,s2fifo_plus_mru,8,2400,24,-,425.33,3.06,0.6889,20223,0
0.8,small,s2fifo_plus_mru,16,4800,25,-,551.19,2.60,0.6366,25168,0
0.8,small,s2fifo_plus_mru,24,7200,25,-,801.47,1.87,0.6611,28202,0
0.8,small,s2fifo_plus_random_uniform,1,300,21,-,100.27,1.52,0.5287,2642,0
0.8,small,s2fifo_plus_random_uniform,2,600,22,-,143.29,2.13,0.5280,5251,0
0.8,small,s2fifo_plus_random_uniform,4,1200,23,-,179.01,3.29,0.5275,10143,0
0.8,small,s2fifo_plus_random_uniform,8,2400,24,-,289.22,4.10,0.5273,20341,0
0.8,small,s2fifo_plus_random_uniform,16,4800,25,-,400.66,3.79,0.4959,28334,0
0.8,small,s2fifo_plus_random_uniform,24,7200,25,-,428.41,3.32,0.4502,29998,0
0.8,small,s2fifo_plus_thresh_fifo,1,300,21,-,103.00,1.48,0.5288,2640,0
0.8,small,s2fifo_plus_thresh_fifo,2,600,22,-,146.80,2.08,0.5281,5250,0
0.8,small,s2fifo_plus_thresh_fifo,4,1200,23,-,183.38,3.22,0.5277,10142,0
0.8,small,s2fifo_plus_thresh_fifo,8,2400,24,-,316.43,3.65,0.5275,19880,0
0.8,small,s2fifo_plus_thresh_fifo,16,4800,25,-,548.02,3.00,0.5035,30180,0
0.8,small,s2fifo_plus_thresh_fifo,24,7200,25,-,2657.75,1.31,0.5268,59926,0
0.8,small,s3fifo_clock1arr,1,300,21,131072,83.76,1.74,0.4594,2687,0
0.8,small,s3fifo_clock1arr,2,600,22,262144,122.87,2.36,0.4586,5321,0
0.8,small,s3fifo_clock1arr,4,1200,23,524288,144.24,3.87,0.4583,10261,0
0.8,small,s3fifo_clock1arr,8,2400,24,1048576,179.61,6.35,0.4580,20851,0
0.8,small,s3fifo_clock1arr,16,4800,25,2097152,335.69,6.85,0.4579,41965,0
0.8,small,s3fifo_clock1arr,24,7200,25,4194304,563.81,6.18,0.4610,63629,0
0.8,small,s2fifo_plus_gclockex,1,300,21,131072,82.62,1.77,0.4641,2686,0
0.8,small,s2fifo_plus_gclockex,2,600,22,262144,128.46,2.28,0.4632,5344,0
0.8,small,s2fifo_plus_gclockex,4,1200,23,524288,148.17,3.76,0.4628,10215,0
0.8,small,s2fifo_plus_gclockex,8,2400,24,1048576,186.31,6.15,0.4625,20873,0
0.8,small,s2fifo_plus_gclockex,16,4800,25,2097152,341.19,6.75,0.4623,41942,0
0.8,small,s2fifo_plus_gclockex,24,7200,25,4194304,569.42,6.15,0.4682,63651,0
0.8,small,s2fifo_plus_clock_credit,1,300,21,131072,94.73,1.54,0.4591,2686,0
0.8,small,s2fifo_plus_clock_credit,2,600,22,262144,138.53,2.09,0.4583,5321,0
0.8,small,s2fifo_plus_clock_credit,4,1200,23,524288,170.49,3.22,0.4580,10124,0
0.8,small,s2fifo_plus_clock_credit,8,2400,24,1048576,244.12,4.68,0.4577,20874,0
0.8,small,s2fifo_plus_clock_credit,16,4800,25,2097152,464.72,4.88,0.4577,41486,0
0.8,small,s2fifo_plus_clock_credit,24,7200,25,4194304,863.39,4.03,0.4575,63630,0
0.8,small,s3fifo_clocknarr,1,300,21,131072,87.18,1.68,0.4635,2687,0
0.8,small,s3fifo_clocknarr,2,600,22,262144,127.79,2.29,0.4627,5344,0
0.8,small,s3fifo_clocknarr,4,1200,23,524288,143.98,3.86,0.4622,10192,0
0.8,small,s3fifo_clocknarr,8,2400,24,1048576,183.42,6.21,0.4621,20782,0
0.8,small,s3fifo_clocknarr,16,4800,25,2097152,334.83,6.82,0.4620,41599,0
0.8,small,s3fifo_clocknarr,24,7200,25,4194304,564.11,6.19,0.4628,63697,0
0.8,large,lru,1,3000,21,-,50.34,2.25,0.1345,5337,0
0.8,large,lru,2,6000,22,-,71.79,3.16,0.1343,10647,0
0.8,large,lru,4,12000,23,-,86.51,4.98,0.1342,20800,0
0.8,large,lru,8,24000,24,-,137.26,6.43,0.1342,41975,0
0.8,large,lru,16,48000,25,-,177.42,8.38,0.0961,79339,0
0.8,large,lru,24,72000,25,-,140.43,12.33,0.0565,109825,0
0.8,large,twoq,1,3000,21,-,46.95,2.41,0.1321,5337,0
0.8,large,twoq,2,6000,22,-,64.88,3.49,0.1319,10648,0
0.8,large,twoq,4,12000,23,-,72.38,5.91,0.1318,20755,0
0.8,large,twoq,8,24000,24,-,99.63,8.70,0.1318,41700,0
0.8,large,twoq,16,48000,25,-,140.54,10.08,0.1192,77279,0
0.8,large,twoq,24,72000,25,-,120.49,12.99,0.0830,105384,0
0.8,large,tinylfu,1,3000,21,-,59.13,1.89,0.1171,5468,0
0.8,large,tinylfu,2,6000,22,-,79.28,2.82,0.1181,10905,0
0.8,large,tinylfu,4,12000,23,-,118.09,3.48,0.1193,21016,0
0.8,large,tinylfu,8,24000,24,-,256.82,3.19,0.1197,41949,0
0.8,large,tinylfu,16,48000,25,-,415.10,2.77,0.1079,74087,0
0.8,large,tinylfu,24,72000,25,-,614.44,2.26,0.1106,105067,0
0.8,large,s3fifo,1,3000,21,-,46.34,2.37,0.0970,5349,0
0.8,large,s3fifo,2,6000,22,-,65.49,3.35,0.0969,10667,0
0.8,large,s3fifo,4,12000,23,-,77.09,5.49,0.0968,20976,0
0.8,large,s3fifo,8,24000,24,-,98.64,7.63,0.0966,39945,0
0.8,large,s3fifo,16,48000,25,-,123.96,8.47,0.0949,70405,0
0.8,large,s3fifo,24,72000,25,-,190.65,8.00,0.0950,104424,0
0.8,large,clock,1,3000,21,-,46.97,2.41,0.1321,5338,0
0.8,large,clock,2,6000,22,-,66.49,3.40,0.1319,10648,0
0.8,large,clock,4,12000,23,-,72.98,5.91,0.1318,20823,0
0.8,large,clock,8,24000,24,-,97.27,8.96,0.1319,41792,0
0.8,large,clock,16,48000,25,-,148.70,10.67,0.1313,80392,0
0.8,large,clock,24,72000,25,-,161.67,12.21,0.1024,113303,0
0.8,large,s2fifo_plus_lru,1,3000,21,-,65.67,1.68,0.1041,5348,0
0.8,large,s2fifo_plus_lru,2,6000,22,-,122.46,1.80,0.1039,10667,0
0.8,large,s2fifo_plus_lru,4,12000,23,-,217.77,1.99,0.1039,21113,0
0.8,large,s2fifo_plus_lru,8,24000,24,-,317.28,1.99,0.0642,37817,0
0.8,large,s2fifo_plus_lru,16,48000,25,-,328.00,2.23,0.0238,64817,0
0.8,large,s2fifo_plus_lru,24,72000,25,-,303.14,2.59,0.0300,89953,0
0.8,large,s2fifo_plus_lfu,1,3000,21,-,58.73,1.87,0.0976,5349,0
0.8,large,s2fifo_plus_lfu,2,6000,22,-,107.14,2.05,0.0975,10667,0
0.8,large,s2fifo_plus_lfu,4,12000,23,-,195.21,2.15,0.0975,20908,0
0.8,large,s2fifo_plus_lfu,8,24000,24,-,365.04,2.16,0.0957,40725,0
0.8,large,s2fifo_plus_lfu,16,48000,25,-,289.53,2.33,0.0257,63513,0
0.8,large,s2fifo_plus_lfu,24,72000,25,-,289.74,2.73,0.0291,90114,0
0.8,large,s2fifo_plus_mru,1,3000,21,-,67.03,1.78,0.1958,5348,0
0.8,large,s2fifo_plus_mru,2,6000,22,-,104.00,2.29,0.1894,10667,0
0.8,large,s2fifo_plus_mru,4,12000,23,-,159.45,2.92,0.1865,21136,0
0.8,large,s2fifo_plus_mru,8,24000,24,-,284.14,3.18,0.1867,41663,0
0.8,large,s2fifo_plus_mru,16,48000,25,-,326.25,2.26,0.0233,64978,0
0.8,large,s2fifo_plus_mru,24,72000,25,-,266.43,2.30,0.0394,86040,0
0.8,large,s2fifo_plus_random_uniform,1,3000,21,-,49.81,2.26,0.1243,5355,0
0.8,large,s2fifo_plus_random_uniform,2,6000,22,-,63.19,3.56,0.1241,10676,0
0.8,large,s2fifo_plus_random_uniform,4,12000,23,-,75.17,5.64,0.1239,20789,0
0.8,large,s2fifo_plus_random_uniform,8,24000,24,-,102.17,8.36,0.1240,41678,0
0.8,large,s2fifo_plus_random_uniform,16,48000,25,-,159.20,9.20,0.1167,78538,0
0.8,large,s2fifo_plus_random_uniform,24,72000,25,-,159.80,11.29,0.0819,110832,0
0.8,large,s2fifo_plus_thresh_fifo,1,3000,21,-,52.44,2.15,0.1252,5348,0
0.8,large,s2fifo_plus_thresh_fifo,2,6000,22,-,67.59,3.33,0.1250,10667,0
0.8,large,s2fifo_plus_thresh_fifo,4,12000,23,-,83.76,5.05,0.1250,20747,0
0.8,large,s2fifo_plus_thresh_fifo,8,24000,24,-,133.93,6.58,0.1249,42166,0
0.8,large,s2fifo_plus_thresh_fifo,16,48000,25,-,280.15,5.31,0.1230,78758,0
0.8,large,s2fifo_plus_thresh_fifo,24,72000,25,-,140.91,5.40,0.1101,88241,0
0.8,large,s3fifo_clock1arr,1,3000,21,1048576,43.72,2.50,0.0951,5726,0
0.8,large,s3fifo_clock1arr,2,6000,22,2097152,53.80,4.05,0.0949,11396,0
0.8,large,s3fifo_clock1arr,4,12000,23,4194304,59.05,6.71,0.0950,21931,0
0.8,large,s3fifo_clock1arr,8,24000,24,8388608,70.36,11.67,0.0948,44419,0
0.8,large,s3fifo_clock1arr,16,48000,25,16777216,88.30,17.98,0.0952,87659,0
0.8,large,s3fifo_clock1arr,24,72000,25,33554432,117.20,21.14,0.0972,136253,0
0.8,large,s2fifo_plus_gclockex,1,3000,21,1048576,45.28,2.42,0.0966,5726,0
0.8,large,s2fifo_plus_gclockex,2,6000,22,2097152,54.98,3.97,0.0964,11396,0
0.8,large,s2fifo_plus_gclockex,4,12000,23,4194304,60.55,6.48,0.0962,21839,0
0.8,large,s2fifo_plus_gclockex,8,24000,24,8388608,71.49,11.36,0.0965,44213,0
0.8,large,s2fifo_plus_gclockex,16,48000,25,16777216,91.37,17.15,0.0966,87178,0
0.8,large,s2fifo_plus_gclockex,24,72000,25,33554432,123.44,19.98,0.0974,136002,0
0.8,large,s2fifo_plus_clock_credit,1,3000,21,1048576,53.03,2.06,0.0932,5726,0
0.8,large,s2fifo_plus_clock_credit,2,6000,22,2097152,72.50,3.02,0.0930,11419,0
0.8,large,s2fifo_plus_clock_credit,4,12000,23,4194304,91.16,4.43,0.0933,22091,0
0.8,large,s2fifo_plus_clock_credit,8,24000,24,8388608,131.18,6.27,0.0930,44465,0
0.8,large,s2fifo_plus_clock_credit,16,48000,25,16777216,223.79,7.17,0.0933,88049,0
0.8,large,s2fifo_plus_clock_credit,24,72000,25,33554432,406.87,6.09,0.0932,136461,0
0.8,large,s3fifo_clocknarr,1,3000,21,1048576,44.30,2.47,0.0957,5724,0
0.8,large,s3fifo_clocknarr,2,6000,22,2097152,54.77,4.00,0.0955,11419,0
0.8,large,s3fifo_clocknarr,4,12000,23,4194304,59.13,6.59,0.0953,21793,0
0.8,large,s3fifo_clocknarr,8,24000,24,8388608,68.52,11.42,0.0959,43594,0
0.8,large,s3fifo_clocknarr,16,48000,25,16777216,87.26,17.97,0.0956,87223,0
0.8,large,s3fifo_clocknarr,24,72000,25,33554432,115.12,21.30,0.0960,135773,0
0.9,small,lru,1,300,21,-,83.05,1.73,0.4397,2640,0
0.9,small,lru,2,600,22,-,123.56,2.33,0.4390,5248,0
0.9,small,lru,4,1200,23,-,165.13,3.41,0.4385,10275,0
0.9,small,lru,8,2400,24,-,290.51,3.91,0.4382,20627,0
0.9,small,lru,16,4800,25,-,356.06,3.82,0.3890,27509,0
0.9,small,lru,24,7200,25,-,399.22,3.26,0.3530,29529,0
0.9,small,twoq,1,300,21,-,81.16,1.78,0.4479,2639,0
0.9,small,twoq,2,600,22,-,121.25,2.39,0.4471,5248,0
0.9,small,twoq,4,1200,23,-,175.94,3.21,0.4465,10252,0
0.9,small,twoq,8,2400,24,-,291.74,3.64,0.4460,19368,0
0.9,small,twoq,16,4800,25,-,302.30,3.30,0.3887,21558,0
0.9,small,twoq,24,7200,25,-,373.80,2.98,0.3646,26185,0
0.9,small,tinylfu,1,300,21,-,88.61,1.52,0.3498,2655,0
0.9,small,tinylfu,2,600,22,-,149.21,1.82,0.3567,5281,0
0.9,small,tinylfu,4,1200,23,-,296.03,1.72,0.3616,9929,0
0.9,small,tinylfu,8,2400,24,-,714.18,1.47,0.3639,20368,0
0.9,small,tinylfu,16,4800,25,-,1559.86,1.18,0.3639,36283,0
0.9,small,tinylfu,24,7200,25,-,2433.39,1.07,0.3586,51972,0
0.9,small,s3fifo,1,300,21,-,70.30,1.90,0.3354,2641,0
0.9,small,s3fifo,2,600,22,-,101.01,2.64,0.3347,5250,0
0.9,small,s3fifo,4,1200,23,-,111.63,4.58,0.3344,10073,0
0.9,small,s3fifo,8,2400,24,-,145.43,7.12,0.3343,20337,0
0.9,small,s3fifo,16,4800,25,-,266.85,7.81,0.3342,40870,0
0.9,small,s3fifo,24,7200,25,-,437.80,7.20,0.3342,61598,0
0.9,small,clock,1,300,21,-,77.91,1.86,0.4465,2638,0
0.9,small,clock,2,600,22,-,119.31,2.41,0.4462,5225,0
0.9,small,clock,4,1200,23,-,152.88,3.66,0.4463,10161,0
0.9,small,clock,8,2400,24,-,253.50,4.42,0.4461,20283,0
0.9,small,clock,16,4800,25,-,314.66,4.24,0.4074,26800,0
0.9,small,clock,24,7200,25,-,381.07,3.71,0.3864,30833,0
0.9,small,s2fifo_plus_lru,1,300,21,-,83.65,1.61,0.3477,2638,0
0.9,small,s2fifo_plus_lru,2,600,22,-,142.79,1.89,0.3470,5250,0
0.9,small,s2fifo_plus_lru,4,1200,23,-,219.39,2.42,0.3467,10324,0
0.9,small,s2fifo_plus_lru,8,2400,24,-,409.10,2.57,0.3465,20452,0
0.9,small,s2fifo_plus_lru,16,4800,25,-,447.71,2.15,0.2879,22192,0
0.9,small,s2fifo_plus_lru,24,7200,25,-,554.55,1.44,0.2632,22023,0
0.9,small,s2fifo_plus_lfu,1,300,21,-,76.96,1.73,0.3351,2639,0
0.9,small,s2fifo_plus_lfu,2,600,22,-,135.62,1.97,0.3344,5250,0
0.9,small,s2fifo_plus_lfu,4,1200,23,-,219.01,2.39,0.3341,10279,0
0.9,small,s2fifo_plus_lfu,8,2400,24,-,437.21,2.41,0.3339,20682,0
0.9,small,s2fifo_plus_lfu,16,4800,25,-,496.27,2.00,0.2851,22835,0
0.9,small,s2fifo_plus_lfu,24,7200,25,-,3327.88,0.89,0.3339,58123,0
0.9,small,s2fifo_plus_mru,1,300,21,-,91.88,1.68,0.5434,2641,0
0.9,small,s2fifo_plus_mru,2,600,22,-,146.78,2.10,0.5421,5250,0
0.9,small,s2fifo_plus_mru,4,1200,23,-,207.48,2.87,0.5414,10141,0
0.9,small,s2fifo_plus_mru,8,2400,24,-,359.01,3.36,0.5426,20475,0
0.9,small,s2fifo_plus_mru,16,4800,25,-,441.36,2.83,0.4923,24252,0
0.9,small,s2fifo_plus_mru,24,7200,25,-,625.48,2.05,0.5159,26851,0
0.9,small,s2fifo_plus_random_uniform,1,300,21,-,77.37,1.78,0.3801,2640,0
0.9,small,s2fifo_plus_random_uniform,2,600,22,-,109.75,2.51,0.3795,5251,0
0.9,small,s2fifo_plus_random_uniform,4,1200,23,-,132.20,4.05,0.3791,10189,0
0.9,small,s2fifo_plus_random_uniform,8,2400,24,-,213.76,5.08,0.3789,20593,0
0.9,small,s2fifo_plus_random_uniform,16,4800,25,-,290.69,4.72,0.3504,28403,0
0.9,small,s2fifo_plus_random_uniform,24,7200,25,-,359.69,4.18,0.3317,33364,0
0.9,small,s2fifo_plus_thresh_fifo,1,300,21,-,79.89,1.73,0.3802,2641,0
0.9,small,s2fifo_plus_thresh_fifo,2,600,22,-,111.64,2.47,0.3796,5249,0
0.9,small,s2fifo_plus_thresh_fifo,4,1200,23,-,138.52,3.84,0.3792,10142,0
0.9,small,s2fifo_plus_thresh_fifo,8,2400,24,-,241.00,4.49,0.3791,20543,0
0.9,small,s2fifo_plus_thresh_fifo,16,4800,25,-,410.01,3.74,0.3621,30866,0
0.9,small,s2fifo_plus_thresh_fifo,24,7200,25,-,1756.02,1.62,0.3780,54799,0
0.9,small,s3fifo_clock1arr,1,300,21,131072,63.75,2.08,0.3239,2686,0
0.9,small,s3fifo_clock1arr,2,600,22,262144,92.43,2.86,0.3233,5344,0
0.9,small,s3fifo_clock1arr,4,1200,23,524288,105.56,4.80,0.3230,10261,0
0.9,small,s3fifo_clock1arr,8,2400,24,1048576,129.49,7.87,0.3229,20576,0
0.9,small,s3fifo_clock1arr,16,4800,25,2097152,236.96,8.75,0.3228,41736,0
0.9,small,s3fifo_clock1arr,24,7200,25,4194304,388.40,8.03,0.3261,62849,0
0.9,small,s2fifo_plus_gclockex,1,300,21,131072,63.20,2.10,0.3281,2686,0
0.9,small,s2fifo_plus_gclockex,2,600,22,262144,95.91,2.77,0.3274,5344,0
0.9,small,s2fifo_plus_gclockex,4,1200,23,524288,108.52,4.63,0.3270,10169,0
0.9,small,s2fifo_plus_gclockex,8,2400,24,1048576,139.69,7.47,0.3268,20942,0
0.9,small,s2fifo_plus_gclockex,16,4800,25,2097152,239.54,8.67,0.3267,41713,0
0.9,small,s2fifo_plus_gclockex,24,7200,25,4194304,396.70,7.88,0.3304,62848,0
0.9,small,s2fifo_plus_clock_credit,1,300,21,131072,73.55,1.80,0.3240,2689,0
0.9,small,s2fifo_plus_clock_credit,2,600,22,262144,106.85,2.48,0.3233,5344,0
0.9,small,s2fifo_plus_clock_credit,4,1200,23,524288,130.06,3.92,0.3231,10307,0
0.9,small,s2fifo_plus_clock_credit,8,2400,24,1048576,185.07,5.65,0.3228,21057,0
0.9,small,s2fifo_plus_clock_credit,16,4800,25,2097152,353.92,5.91,0.3228,42057,0
0.9,small,s2fifo_plus_clock_credit,24,7200,25,4194304,635.55,4.96,0.3227,63630,0
0.9,small,s3fifo_clocknarr,1,300,21,131072,67.18,1.98,0.3270,2688,0
0.9,small,s3fifo_clocknarr,2,600,22,262144,94.03,2.82,0.3263,5343,0
0.9,small,s3fifo_clocknarr,4,1200,23,524288,108.42,4.67,0.3260,10238,0
0.9,small,s3fifo_clocknarr,8,2400,24,1048576,133.47,7.67,0.3258,20622,0
0.9,small,s3fifo_clocknarr,16,4800,25,2097152,239.59,8.73,0.3257,41964,0
0.9,small,s3fifo_clocknarr,24,7200,25,4194304,389.35,8.04,0.3262,63079,0
0.9,large,lru,1,3000,21,-,39.90,2.73,0.0907,5339,0
0.9,large,lru,2,6000,22,-,56.78,3.84,0.0906,10648,0
0.9,large,lru,4,12000,23,-,63.84,6.47,0.0906,20777,0
0.9,large,lru,8,24000,24,-,96.10,8.77,0.0906,41861,0
0.9,large,lru,16,48000,25,-,157.63,9.87,0.0787,81307,0
0.9,large,lru,24,72000,25,-,125.38,14.46,0.0490,111862,0
0.9,large,twoq,1,3000,21,-,36.96,2.95,0.0889,5339,0
0.9,large,twoq,2,6000,22,-,53.77,4.05,0.0887,10648,0
0.9,large,twoq,4,12000,23,-,55.98,7.08,0.0887,20434,0
0.9,large,twoq,8,24000,24,-,71.91,11.57,0.0887,41655,0
0.9,large,twoq,16,48000,25,-,112.77,13.43,0.0886,80140,0
0.9,large,twoq,24,72000,25,-,115.34,16.18,0.0672,112341,0
0.9,large,tinylfu,1,3000,21,-,44.57,2.42,0.0776,5468,0
0.9,large,tinylfu,2,6000,22,-,58.57,3.68,0.0784,10905,0
0.9,large,tinylfu,4,12000,23,-,78.83,4.96,0.0795,20902,0
0.9,large,tinylfu,8,24000,24,-,172.33,4.69,0.0799,42314,0
0.9,large,tinylfu,16,48000,25,-,353.43,3.82,0.0769,79031,0
0.9,large,tinylfu,24,72000,25,-,498.78,3.42,0.0720,112803,0
0.9,large,s3fifo,1,3000,21,-,36.69,2.90,0.0636,5346,0
0.9,large,s3fifo,2,6000,22,-,51.37,4.14,0.0636,10667,0
0.9,large,s3fifo,4,12000,23,-,53.03,7.20,0.0636,20357,0
0.9,large,s3fifo,8,24000,24,-,69.59,10.33,0.0637,39717,0
0.9,large,s3fifo,16,48000,25,-,117.68,12.02,0.0641,78874,0
0.9,large,s3fifo,24,72000,25,-,176.33,11.48,0.0639,116075,0
0.9,large,clock,1,3000,21,-,38.41,2.83,0.0889,5337,0
0.9,large,clock,2,6000,22,-,55.87,3.90,0.0887,10647,0
0.9,large,clock,4,12000,23,-,55.98,7.27,0.0887,20663,0
0.9,large,clock,8,24000,24,-,71.77,11.54,0.0887,41586,0
0.9,large,clock,16,48000,25,-,112.19,14.80,0.0887,83207,0
0.9,large,clock,24,72000,25,-,140.04,15.04,0.0819,116874,0
0.9,large,s2fifo_plus_lru,1,3000,21,-,54.29,1.97,0.0681,5347,0
0.9,large,s2fifo_plus_lru,2,6000,22,-,110.14,1.94,0.0680,10667,0
0.9,large,s2fifo_plus_lru,4,12000,23,-,200.10,2.11,0.0680,21182,0
0.9,large,s2fifo_plus_lru,8,24000,24,-,299.33,2.09,0.0553,37817,0
0.9,large,s2fifo_plus_lru,16,48000,25,-,317.72,2.35,0.0222,65160,0
0.9,large,s2fifo_plus_lru,24,72000,25,-,288.97,2.22,0.0370,86726,0
0.9,large,s2fifo_plus_lfu,1,3000,21,-,50.67,2.10,0.0638,5347,0
0.9,large,s2fifo_plus_lfu,2,6000,22,-,101.13,2.10,0.0638,10667,0
0.9,large,s2fifo_plus_lfu,4,12000,23,-,187.45,2.21,0.0638,21045,0
0.9,large,s2fifo_plus_lfu,8,24000,24,-,318.94,2.16,0.0577,39145,0
0.9,large,s2fifo_plus_lfu,16,48000,25,-,288.29,2.38,0.0234,63811,0
0.9,large,s2fifo_plus_lfu,24,72000,25,-,287.24,2.54,0.0296,88740,0
0.9,large,s2fifo_plus_mru,1,3000,21,-,53.15,2.14,0.1400,5346,0
0.9,large,s2fifo_plus_mru,2,6000,22,-,82.81,2.74,0.1347,10667,0
0.9,large,s2fifo_plus_mru,4,12000,23,-,119.82,3.64,0.1321,20952,0
0.9,large,s2fifo_plus_mru,8,24000,24,-,211.85,4.05,0.1324,41571,0
0.9,large,s2fifo_plus_mru,16,48000,25,-,304.91,2.42,0.0219,64955,0
0.9,large,s2fifo_plus_mru,24,72000,25,-,305.97,2.64,0.0264,90571,0
0.9,large,s2fifo_plus_random_uniform,1,3000,21,-,38.75,2.79,0.0822,5352,0
0.9,large,s2fifo_plus_random_uniform,2,6000,22,-,48.10,4.48,0.0821,10654,0
0.9,large,s2fifo_plus_random_uniform,4,12000,23,-,57.40,6.92,0.0819,20560,0
0.9,large,s2fifo_plus_random_uniform,8,24000,24,-,72.97,11.34,0.0820,41792,0
0.9,large,s2fifo_plus_random_uniform,16,48000,25,-,123.00,12.76,0.0819,81742,0
0.9,large,s2fifo_plus_random_uniform,24,72000,25,-,150.48,13.83,0.0685,117218,0
0.9,large,s2fifo_plus_thresh_fifo,1,3000,21,-,40.66,2.66,0.0833,5349,0
0.9,large,s2fifo_plus_thresh_fifo,2,6000,22,-,51.09,4.24,0.0831,10666,0
0.9,large,s2fifo_plus_thresh_fifo,4,12000,23,-,60.76,6.67,0.0831,20701,0
0.9,large,s2fifo_plus_thresh_fifo,8,24000,24,-,86.45,9.35,0.0831,41319,0
0.9,large,s2fifo_plus_thresh_fifo,16,48000,25,-,200.42,8.22,0.0830,83291,0
0.9,large,s2fifo_plus_thresh_fifo,24,72000,25,-,643.66,3.69,0.0831,122712,0
0.9,large,s3fifo_clock1arr,1,3000,21,1048576,35.06,3.03,0.0628,5726,0
0.9,large,s3fifo_clock1arr,2,6000,22,2097152,42.56,4.99,0.0627,11419,0
0.9,large,s3fifo_clock1arr,4,12000,23,4194304,45.87,8.18,0.0628,21724,0
0.9,large,s3fifo_clock1arr,8,24000,24,8388608,54.40,14.44,0.0629,44167,0
0.9,large,s3fifo_clock1arr,16,48000,25,16777216,67.94,22.67,0.0631,87635,0
0.9,large,s3fifo_clock1arr,24,72000,25,33554432,86.88,27.37,0.0638,135727,0
0.9,large,s2fifo_plus_gclockex,1,3000,21,1048576,36.17,2.94,0.0633,5726,0
0.9,large,s2fifo_plus_gclockex,2,6000,22,2097152,42.96,4.95,0.0632,11419,0
0.9,large,s2fifo_plus_gclockex,4,12000,23,4194304,47.57,8.00,0.0633,21839,0
0.9,large,s2fifo_plus_gclockex,8,24000,24,8388608,55.08,14.15,0.0634,44030,0
0.9,large,s2fifo_plus_gclockex,16,48000,25,16777216,69.94,22.11,0.0635,87750,0
0.9,large,s2fifo_plus_gclockex,24,72000,25,33554432,88.36,26.55,0.0639,135040,0
0.9,large,s2fifo_plus_clock_credit,1,3000,21,1048576,42.04,2.53,0.0618,5725,0
0.9,large,s2fifo_plus_clock_credit,2,6000,22,2097152,53.27,3.99,0.0617,11419,0
0.9,large,s2fifo_plus_clock_credit,4,12000,23,4194304,62.60,6.09,0.0620,21862,0
0.9,large,s2fifo_plus_clock_credit,8,24000,24,8388608,90.46,8.85,0.0619,44510,0
0.9,large,s2fifo_plus_clock_credit,16,48000,25,16777216,149.97,10.47,0.0621,88300,0
0.9,large,s2fifo_plus_clock_credit,24,72000,25,33554432,265.79,9.17,0.0619,137102,0
0.9,large,s3fifo_clocknarr,1,3000,21,1048576,35.71,2.98,0.0631,5724,0
0.9,large,s3fifo_clocknarr,2,6000,22,2097152,43.06,4.94,0.0630,11418,0
0.9,large,s3fifo_clocknarr,4,12000,23,4194304,55.59,7.53,0.0630,22663,0
0.9,large,s3fifo_clocknarr,8,24000,24,8388608,55.04,14.10,0.0631,43961,0
0.9,large,s3fifo_clocknarr,16,48000,25,16777216,66.03,22.74,0.0634,86789,0
0.9,large,s3fifo_clocknarr,24,72000,25,33554432,86.89,27.26,0.0634,135544,0
1.0,small,lru,1,300,21,-,66.79,1.92,0.2801,2637,0
1.0,small,lru,2,600,22,-,84.01,3.03,0.2792,5225,0
1.0,small,lru,4,1200,23,-,110.96,4.45,0.2789,10138,0
1.0,small,lru,8,2400,24,-,190.68,5.34,0.2788,20787,0
1.0,small,lru,16,4800,25,-,251.85,5.33,0.2492,29706,0
1.0,small,lru,24,7200,25,-,267.90,4.66,0.2244,30834,0
1.0,small,twoq,1,300,21,-,70.21,1.83,0.2860,2639,0
1.0,small,twoq,2,600,22,-,82.40,3.12,0.2854,5248,0
1.0,small,twoq,4,1200,23,-,113.46,4.36,0.2849,10114,0
1.0,small,twoq,8,2400,24,-,195.82,5.07,0.2848,20260,0
1.0,small,twoq,16,4800,25,-,221.19,5.05,0.2460,25632,0
1.0,small,twoq,24,7200,25,-,241.26,4.20,0.2361,26279,0
1.0,small,tinylfu,1,300,21,-,57.82,2.10,0.2140,2656,0
1.0,small,tinylfu,2,600,22,-,96.33,2.53,0.2190,5281,0
1.0,small,tinylfu,4,1200,23,-,179.73,2.46,0.2230,9654,0
1.0,small,tinylfu,8,2400,24,-,438.82,2.15,0.2248,20322,0
1.0,small,tinylfu,16,4800,25,-,939.54,1.75,0.2245,36031,0
1.0,small,tinylfu,24,7200,25,-,1671.34,1.55,0.2226,56619,0
1.0,small,s3fifo,1,300,21,-,48.30,2.49,0.2046,2641,0
1.0,small,s3fifo,2,600,22,-,67.49,3.57,0.2041,5250,0
1.0,small,s3fifo,4,1200,23,-,74.14,6.15,0.2039,9981,0
1.0,small,s3fifo,8,2400,24,-,95.20,9.71,0.2038,20154,0
1.0,small,s3fifo,16,4800,25,-,167.59,11.33,0.2037,41212,0
1.0,small,s3fifo,24,7200,25,-,276.53,10.31,0.2037,61759,0
1.0,small,clock,1,300,21,-,67.07,1.92,0.2850,2638,0
1.0,small,clock,2,600,22,-,83.21,3.09,0.2849,5248,0
1.0,small,clock,4,1200,23,-,103.10,4.76,0.2845,10046,0
1.0,small,clock,8,2400,24,-,166.00,6.00,0.2847,20307,0
1.0,small,clock,16,4800,25,-,207.25,6.00,0.2617,27647,0
1.0,small,clock,24,7200,25,-,251.61,5.37,0.2445,32367,0
1.0,small,s2fifo_plus_lru,1,300,21,-,63.09,1.92,0.2126,2639,0
1.0,small,s2fifo_plus_lru,2,600,22,-,116.29,2.08,0.2121,5249,0
1.0,small,s2fifo_plus_lru,4,1200,23,-,196.25,2.43,0.2119,10302,0
1.0,small,s2fifo_plus_lru,8,2400,24,-,355.84,2.48,0.2118,19239,0
1.0,small,s2fifo_plus_lru,16,4800,25,-,381.77,2.07,0.1648,20612,0
1.0,small,s2fifo_plus_lru,24,7200,25,-,423.47,1.52,0.1466,20398,0
1.0,small,s2fifo_plus_lfu,1,300,21,-,58.40,2.06,0.2041,2641,0
1.0,small,s2fifo_plus_lfu,2,600,22,-,114.86,2.09,0.2036,5227,0
1.0,small,s2fifo_plus_lfu,4,1200,23,-,209.71,2.26,0.2033,10302,0
1.0,small,s2fifo_plus_lfu,8,2400,24,-,407.76,2.25,0.2032,20064,0
1.0,small,s2fifo_plus_lfu,16,4800,25,-,410.49,1.93,0.1604,20705,0
1.0,small,s2fifo_plus_lfu,24,7200,25,-,3454.05,0.79,0.2032,59405,0
1.0,small,s2fifo_plus_mru,1,300,21,-,67.32,2.04,0.3711,2640,0
1.0,small,s2fifo_plus_mru,2,600,22,-,107.53,2.55,0.3706,5250,0
1.0,small,s2fifo_plus_mru,4,1200,23,-,149.22,3.53,0.3698,10119,0
1.0,small,s2fifo_plus_mru,8,2400,24,-,259.24,4.04,0.3706,20086,0
1.0,small,s2fifo_plus_mru,16,4800,25,-,309.62,3.52,0.3255,23932,0
1.0,small,s2fifo_plus_mru,24,7200,25,-,432.68,2.53,0.3376,26255,0
1.0,small,s2fifo_plus_random_uniform,1,300,21,-,55.37,2.23,0.2360,2640,0
1.0,small,s2fifo_plus_random_uniform,2,600,22,-,71.26,3.47,0.2355,5251,0
1.0,small,s2fifo_plus_random_uniform,4,1200,23,-,87.24,5.47,0.2353,10143,0
1.0,small,s2fifo_plus_random_uniform,8,2400,24,-,133.56,7.22,0.2352,20456,0
1.0,small,s2fifo_plus_random_uniform,16,4800,25,-,198.48,6.86,0.2188,30691,0
1.0,small,s2fifo_plus_random_uniform,24,7200,25,-,217.51,5.99,0.2035,32333,0
1.0,small,s2fifo_plus_thresh_fifo,1,300,21,-,55.91,2.21,0.2362,2639,0
1.0,small,s2fifo_plus_thresh_fifo,2,600,22,-,74.29,3.33,0.2357,5250,0
1.0,small,s2fifo_plus_thresh_fifo,4,1200,23,-,92.02,5.07,0.2354,9958,0
1.0,small,s2fifo_plus_thresh_fifo,8,2400,24,-,153.53,6.28,0.2354,20429,0
1.0,small,s2fifo_plus_thresh_fifo,16,4800,25,-,270.38,5.19,0.2288,31255,0
1.0,small,s2fifo_plus_thresh_fifo,24,7200,25,-,1204.88,2.29,0.2349,58666,0
1.0,small,s3fifo_clock1arr,1,300,21,131072,43.82,2.73,0.1977,2689,0
1.0,small,s3fifo_clock1arr,2,600,22,262144,60.36,3.97,0.1972,5344,0
1.0,small,s3fifo_clock1arr,4,1200,23,524288,69.21,6.52,0.1971,10124,0
1.0,small,s3fifo_clock1arr,8,2400,24,1048576,84.40,10.85,0.1969,20461,0
1.0,small,s3fifo_clock1arr,16,4800,25,2097152,143.36,13.02,0.1969,41552,0
1.0,small,s3fifo_clock1arr,24,7200,25,4194304,240.61,11.86,0.1992,63490,0
1.0,small,s2fifo_plus_gclockex,1,300,21,131072,43.63,2.75,0.2003,2687,0
1.0,small,s2fifo_plus_gclockex,2,600,22,262144,62.22,3.86,0.1998,5344,0
1.0,small,s2fifo_plus_gclockex,4,1200,23,524288,71.64,6.33,0.1995,10146,0
1.0,small,s2fifo_plus_gclockex,8,2400,24,1048576,88.96,10.49,0.1994,20759,0
1.0,small,s2fifo_plus_gclockex,16,4800,25,2097152,144.97,12.79,0.1993,41255,0
1.0,small,s2fifo_plus_gclockex,24,7200,25,4194304,237.99,11.97,0.2013,63328,0
1.0,small,s2fifo_plus_clock_credit,1,300,21,131072,52.09,2.30,0.1977,2688,0
1.0,small,s2fifo_plus_clock_credit,2,600,22,262144,71.55,3.35,0.1973,5344,0
1.0,small,s2fifo_plus_clock_credit,4,1200,23,524288,87.24,5.21,0.1971,10192,0
1.0,small,s2fifo_plus_clock_credit,8,2400,24,1048576,121.41,7.71,0.1969,20851,0
1.0,small,s2fifo_plus_clock_credit,16,4800,25,2097152,216.74,8.60,0.1969,41508,0
1.0,small,s2fifo_plus_clock_credit,24,7200,25,4194304,399.70,7.14,0.1968,63583,0
1.0,small,s3fifo_clocknarr,1,300,21,131072,46.68,2.57,0.1993,2687,0
1.0,small,s3fifo_clocknarr,2,600,22,262144,62.95,3.81,0.1988,5344,0
1.0,small,s3fifo_clocknarr,4,1200,23,524288,71.39,6.31,0.1986,10101,0
1.0,small,s3fifo_clocknarr,8,2400,24,1048576,89.92,10.52,0.1984,21011,0
1.0,small,s3fifo_clocknarr,16,4800,25,2097152,143.16,12.95,0.1984,41278,0
1.0,small,s3fifo_clocknarr,24,7200,25,4194304,240.24,11.88,0.1987,63514,0
1.0,large,lru,1,3000,21,-,33.04,3.19,0.0532,5336,0
1.0,large,lru,2,6000,22,-,42.95,4.90,0.0531,10647,0
1.0,large,lru,4,12000,23,-,44.86,8.50,0.0532,20388,0
1.0,large,lru,8,24000,24,-,62.06,12.90,0.0531,41563,0
1.0,large,lru,16,48000,25,-,106.63,14.94,0.0531,82933,0
1.0,large,lru,24,72000,25,-,101.35,18.97,0.0380,114700,0
1.0,large,twoq,1,3000,21,-,30.96,3.40,0.0520,5340,0
1.0,large,twoq,2,6000,22,-,38.08,5.52,0.0519,10647,0
1.0,large,twoq,4,12000,23,-,38.51,10.05,0.0521,20526,0
1.0,large,twoq,8,24000,24,-,47.27,16.80,0.0520,41448,0
1.0,large,twoq,16,48000,25,-,70.23,21.59,0.0521,81284,0
1.0,large,twoq,24,72000,25,-,92.02,22.27,0.0495,117011,0
1.0,large,tinylfu,1,3000,21,-,34.93,3.00,0.0461,5469,0
1.0,large,tinylfu,2,6000,22,-,40.21,5.21,0.0465,10905,0
1.0,large,tinylfu,4,12000,23,-,56.31,7.23,0.0471,21520,0
1.0,large,tinylfu,8,24000,24,-,100.50,7.91,0.0476,42567,0
1.0,large,tinylfu,16,48000,25,-,215.38,6.35,0.0471,80244,0
1.0,large,tinylfu,24,72000,25,-,307.14,5.30,0.0477,112001,0
1.0,large,s3fifo,1,3000,21,-,29.59,3.50,0.0371,5348,0
1.0,large,s3fifo,2,6000,22,-,37.65,5.51,0.0371,10666,0
1.0,large,s3fifo,4,12000,23,-,38.20,9.72,0.0374,20334,0
1.0,large,s3fifo,8,24000,24,-,48.41,15.34,0.0375,40632,0
1.0,large,s3fifo,16,48000,25,-,73.98,20.20,0.0375,81414,0
1.0,large,s3fifo,24,72000,25,-,111.11,20.34,0.0375,122391,0
1.0,large,clock,1,3000,21,-,32.74,3.21,0.0520,5339,0
1.0,large,clock,2,6000,22,-,42.35,4.97,0.0520,10647,0
1.0,large,clock,4,12000,23,-,40.95,9.35,0.0521,20434,0
1.0,large,clock,8,24000,24,-,51.27,15.61,0.0520,41586,0
1.0,large,clock,16,48000,25,-,71.03,22.57,0.0520,83184,0
1.0,large,clock,24,72000,25,-,102.88,22.97,0.0519,123741,0
1.0,large,s2fifo_plus_lru,1,3000,21,-,45.12,2.30,0.0393,5348,0
1.0,large,s2fifo_plus_lru,2,6000,22,-,93.92,2.21,0.0392,10667,0
1.0,large,s2fifo_plus_lru,4,12000,23,-,174.10,2.36,0.0392,21205,0
1.0,large,s2fifo_plus_lru,8,24000,24,-,266.53,2.38,0.0328,38298,0
1.0,large,s2fifo_plus_lru,16,48000,25,-,285.49,2.59,0.0217,65046,0
1.0,large,s2fifo_plus_lru,24,72000,25,-,277.48,2.84,0.0266,90113,0
1.0,large,s2fifo_plus_lfu,1,3000,21,-,43.36,2.39,0.0371,5348,0
1.0,large,s2fifo_plus_lfu,2,6000,22,-,90.21,2.30,0.0370,10667,0
1.0,large,s2fifo_plus_lfu,4,12000,23,-,181.93,2.24,0.0371,21137,0
1.0,large,s2fifo_plus_lfu,8,24000,24,-,255.84,2.27,0.0252,37200,0
1.0,large,s2fifo_plus_lfu,16,48000,25,-,275.76,2.55,0.0211,64223,0
1.0,large,s2fifo_plus_lfu,24,72000,25,-,293.35,2.67,0.0264,89975,0
1.0,large,s2fifo_plus_mru,1,3000,21,-,41.38,2.61,0.0821,5350,0
1.0,large,s2fifo_plus_mru,2,6000,22,-,58.71,3.68,0.0792,10667,0
1.0,large,s2fifo_plus_mru,4,12000,23,-,86.69,4.85,0.0775,21067,0
1.0,large,s2fifo_plus_mru,8,24000,24,-,152.79,5.38,0.0776,41709,0
1.0,large,s2fifo_plus_mru,16,48000,25,-,259.16,2.70,0.0217,64130,0
1.0,large,s2fifo_plus_mru,24,72000,25,-,276.03,2.84,0.0268,90021,0
1.0,large,s2fifo_plus_random_uniform,1,3000,21,-,30.98,3.38,0.0469,5353,0
1.0,large,s2fifo_plus_random_uniform,2,6000,22,-,34.13,6.10,0.0468,10653,0
1.0,large,s2fifo_plus_random_uniform,4,12000,23,-,39.20,9.77,0.0468,20536,0
1.0,large,s2fifo_plus_random_uniform,8,24000,24,-,46.88,16.32,0.0469,41014,0
1.0,large,s2fifo_plus_random_uniform,16,48000,25,-,71.46,21.42,0.0469,81993,0
1.0,large,s2fifo_plus_random_uniform,24,72000,25,-,106.73,20.54,0.0468,120582,0
1.0,large,s2fifo_plus_thresh_fifo,1,3000,21,-,31.72,3.30,0.0480,5347,0
1.0,large,s2fifo_plus_thresh_fifo,2,6000,22,-,35.55,5.87,0.0479,10643,0
1.0,large,s2fifo_plus_thresh_fifo,4,12000,23,-,41.18,9.32,0.0481,20518,0
1.0,large,s2fifo_plus_thresh_fifo,8,24000,24,-,53.78,14.69,0.0481,41501,0
1.0,large,s2fifo_plus_thresh_fifo,16,48000,25,-,103.06,15.47,0.0480,83268,0
1.0,large,s2fifo_plus_thresh_fifo,24,72000,25,-,188.50,10.65,0.0484,116370,0
1.0,large,s3fifo_clock1arr,1,3000,21,1048576,27.96,3.71,0.0369,5722,0
1.0,large,s3fifo_clock1arr,2,6000,22,2097152,31.44,6.60,0.0368,11418,0
1.0,large,s3fifo_clock1arr,4,12000,23,4194304,34.79,10.67,0.0372,21839,0
1.0,large,s3fifo_clock1arr,8,24000,24,8388608,39.65,19.12,0.0372,43984,0
1.0,large,s3fifo_clock1arr,16,48000,25,16777216,49.24,30.54,0.0373,87658,0
1.0,large,s3fifo_clock1arr,24,72000,25,33554432,62.04,36.95,0.0373,135154,0
1.0,large,s2fifo_plus_gclockex,1,3000,21,1048576,28.02,3.70,0.0369,5725,0
1.0,large,s2fifo_plus_gclockex,2,6000,22,2097152,31.94,6.49,0.0369,11419,0
1.0,large,s2fifo_plus_gclockex,4,12000,23,4194304,34.21,9.82,0.0374,21061,0
1.0,large,s2fifo_plus_gclockex,8,24000,24,8388608,40.11,18.75,0.0372,43846,0
1.0,large,s2fifo_plus_gclockex,16,48000,25,16777216,50.26,29.57,0.0373,87269,0
1.0,large,s2fifo_plus_gclockex,24,72000,25,33554432,64.46,35.60,0.0373,135200,0
1.0,large,s2fifo_plus_clock_credit,1,3000,21,1048576,32.48,3.19,0.0367,5724,0
1.0,large,s2fifo_plus_clock_credit,2,6000,22,2097152,37.73,5.50,0.0366,11418,0
1.0,large,s2fifo_plus_clock_credit,4,12000,23,4194304,44.04,8.60,0.0371,21999,0
1.0,large,s2fifo_plus_clock_credit,8,24000,24,8388608,57.40,13.39,0.0370,44213,0
1.0,large,s2fifo_plus_clock_credit,16,48000,25,16777216,88.16,17.43,0.0370,88392,0
1.0,large,s2fifo_plus_clock_credit,24,72000,25,33554432,146.16,16.10,0.0369,136530,0
1.0,large,s3fifo_clocknarr,1,3000,21,1048576,29.14,3.56,0.0372,5723,0
1.0,large,s3fifo_clocknarr,2,6000,22,2097152,32.54,6.37,0.0371,11418,0
1.0,large,s3fifo_clocknarr,4,12000,23,4194304,37.19,9.88,0.0374,21747,0
1.0,large,s3fifo_clocknarr,8,24000,24,8388608,40.33,18.57,0.0375,43777,0
1.0,large,s3fifo_clocknarr,16,48000,25,16777216,49.74,29.96,0.0376,87337,0
1.0,large,s3fifo_clocknarr,24,72000,25,33554432,63.32,36.08,0.0375,134970,0
